{"cameraMode":{"drawMode":0,"name":"Shaded","section":"Shading Mode"},"sceneLighting":false,"audioPlay":false,"sceneViewState":{"showFog":true,"showMaterialUpdate":false,"showSkybox":true,"showFlares":true,"showImageEffects":true,"showParticleSystems":true},"in2DMode":false,"pivot":{"x":2702.6875,"y":2521.65771484375,"z":3976.7685546875},"rotation":{"x":0.13459019362926484,"y":-0.739620566368103,"z":0.15532687306404115,"w":0.6408748030662537},"size":7.119085311889648,"orthographic":true}