{"cameraMode":{"drawMode":0,"name":"Shaded","section":"Shading Mode"},"sceneLighting":true,"audioPlay":false,"sceneViewState":{"showFog":true,"showMaterialUpdate":false,"showSkybox":true,"showFlares":true,"showImageEffects":true,"showParticleSystems":true},"in2DMode":false,"pivot":{"x":743.429443359375,"y":1406.3326416015625,"z":398.02288818359377},"rotation":{"x":0.18166573345661164,"y":-0.6896160244941711,"z":0.1853002905845642,"w":0.6760851740837097},"size":358.1215515136719,"orthographic":true}