{"cameraMode":{"drawMode":0,"name":"Shaded","section":"Shading Mode"},"sceneLighting":false,"audioPlay":false,"sceneViewState":{"showFog":true,"showMaterialUpdate":false,"showSkybox":true,"showFlares":true,"showImageEffects":true,"showParticleSystems":true},"in2DMode":false,"pivot":{"x":957.9000244140625,"y":1353.5999755859375,"z":361.0},"rotation":{"x":-0.11249156296253205,"y":-0.8837299942970276,"z":0.3617127537727356,"w":-0.27482882142066958},"size":22.61001205444336,"orthographic":true}